<?xml version="1.0" encoding="UTF-8"?>
<project-private xmlns="http://www.netbeans.org/ns/project-private/1">
    <editor-bookmarks xmlns="http://www.netbeans.org/ns/editor-bookmarks/2" lastBookmarkId="0"/>
    <open-files xmlns="http://www.netbeans.org/ns/projectui-open-files/2">
        <group>
            <file>file:/C:/Users/Denilson/Documents/NetBeansProjects/Trab-DSW/web/atendenteTela.jsp</file>
            <file>file:/C:/Users/Denilson/Documents/NetBeansProjects/Trab-DSW/src/java/DAO/SeguroWS.java</file>
            <file>file:/C:/Users/Denilson/Documents/NetBeansProjects/Trab-DSW/src/java/DAO/SeguroDAO.java</file>
            <file>file:/C:/Users/Denilson/Documents/NetBeansProjects/Trab-DSW/src/java/DAO/Seguro.java</file>
        </group>
    </open-files>
</project-private>
